id,brand,product_name,condition,last_sale,last_sale_size,lowest_ask,highest_bid,since_last_sale_dollar,since_last_sale_percent,colorway,retail_price,release_date,high_52_week,low_52_week,low_12_month_trade,high_12_month_trade,volatility,num_sales_12_month,price_premium_12_month,avg_sale_price_12_month
adidas-yeezy-boost-350-v2-multi-color-f-f,adidas,adidas ultra boost 1.0 indiana,New,¥13800,9.5,¥12200,¥16500,-4400,-24,Oatmeal/Team Victory Red/Chalk White,180,09/04/2020,25900,10700,10000,17500,27.4,112,-27.8,"16,600"
adidas-yeezy-boost-350-v2-multi-color-f-f,adidas,adidas ultra boost 1.0 miami,New,¥19500,11,¥13200,¥21000,+6900,54,Team Orange/Cloud White/Team Solar Orange,180,09/04/2020,26800,7600,16900,22200,13.3,103,2.8,"18,700"
adidas-yeezy-boost-350-v2-multi-color-f-f,adidas,adidas ultra boost 3.0 black multi-color,New,¥13100,9.5,¥11400,¥15200,0,0,Core Black/Glow Green/Core Black,180,09/01/2019,25200,6400,10800,15400,17.5,2261,-31.1,"13,000"
adidas-yeezy-boost-350-v2-multi-color-f-f,adidas,adidas ultra boost 2019 core black grey five,New,¥12700,11.5,¥9500,¥10500,+6400,100,CORE BLACK/CORE BLACK/CLOUD WHITE,180,01/01/2019,15900,5800,10700,14700,15.9,1537,-33.3,"9,700"
adidas-yeezy-boost-350-v2-multi-color-f-f,adidas,adidas ultra boost 19 star wars millennium falcon,New,¥10600,9,¥10500,¥13100,-1800,-15,Grey Five/Grey Two/Bright Cyan,180,11/21/2019,52200,7700,8500,12700,20.0,1231,-44.4,"13,500"
adidas-yeezy-boost-350-v2-multi-color-f-f,adidas,adidas ultra boost 4.0 cloud white active red,New,¥12100,8.5,¥13300,¥14200,-5900,-33,Cloud White/Active Red/Chalk White,180,12/04/2018,23400,8000,10400,13800,13.8,810,-36.7,"14,600"
adidas-yeezy-boost-350-v2-multi-color-f-f,adidas,adidas ultra boost s&l light granite,New,¥6900,8,¥8700,¥15800,-2100,-24,Grey Two/Light Granite/Grey Four,180,11/01/2019,22600,5300,4500,9300,36.0,424,-63.9,"9,700"
adidas-yeezy-boost-350-v2-multi-color-f-f,adidas,adidas ultra boost 19 black glow,New,¥8500,10.5,¥8000,¥8400,0,0,CORE BLACK/GLOW BLUE/CORE BLACK,180,--,15500,5300,7800,9100,7.9,253,-55.6,"10,000"
adidas-yeezy-boost-350-v2-multi-color-f-f,adidas,adidas ultra boost 2.0 gold medal (2016/2018),New,¥18400,9,¥15300,¥18900,-2500,-12,--,200,--,31700,2700,10000,26800,46.2,203,-13.0,"17,200"
adidas-yeezy-boost-350-v2-multi-color-f-f,adidas,adidas ultra boost 1.0 base green olive,New,¥25900,9.5,¥23200,¥20000,+6500,33,--,180,09/09/2015,63300,19400,23400,28400,9.7,46,36.3,"30,200"
adidas-yeezy-boost-350-v2-multi-color-f-f,adidas,adidas ultra boost dna black gold,New,¥11600,8,¥11600,¥12800,+2300,24,Core Black/Gold Metallic/Core Black,180,01/02/2020,25200,7300,9900,13400,15.2,972,-38.9,"13,000"
adidas-yeezy-boost-350-v2-multi-color-f-f,adidas,adidas ultra boost 20 dash grey,New,¥10200,9,¥9500,¥9400,-1300,-12,Dash Grey/Grey Five/Solar Red,180,01/01/2020,16700,5000,8900,11400,12.2,753,-46.7,"11,000"
adidas-yeezy-boost-350-v2-multi-color-f-f,adidas,adidas ultra boost 4.0 white multi-color,New,¥15200,9.5,¥14700,¥21000,+1000,7,Cloud White/Cloud White/Collegiate Navy,180,09/01/2018,29600,5300,11900,18600,22.1,623,-20.0,"13,500"
adidas-yeezy-boost-350-v2-multi-color-f-f,adidas,adidas ultra boost dna parley white (2020),New,¥14300,10.5,¥11400,¥16800,+6400,80,Cloud White/Cloud White/Blue Spirit,180,06/08/2020,33700,8000,12400,16200,13.2,365,-25.0,"17,300"
adidas-yeezy-boost-350-v2-multi-color-f-f,adidas,adidas ultra boost all terrain off white grey six,New,¥15400,11.5,¥12100,¥13100,+2300,17,Off White/Grey Six/Shock Red,180,12/01/2019,26400,7400,14000,17000,9.8,233,-18.7,"13,100"
adidas-yeezy-boost-350-v2-multi-color-f-f,adidas,adidas ultra boost 1.0 core black (1.0),New,¥20200,8.5,¥18000,¥18900,+2900,16,--,180,05/19/2015,33900,12700,18100,22300,10.2,206,6.1,"20,400"
adidas-yeezy-boost-350-v2-multi-color-f-f,adidas,adidas ultraboost uncaged core black active red blue,New,¥14200,13,¥12700,¥10000,+1100,8,Core Black/Active Red/Blue,180,06/01/2019,18700,6400,11500,16800,18.8,192,-25.6,"11,200"
adidas-yeezy-boost-350-v2-multi-color-f-f,adidas,adidas ultra boost 20 silver metallic,New,¥12000,13,¥15500,¥11500,-6000,-34,Silver Metallic/Silver Metallic/Silver Metallic,180,06/09/2020,23200,10600,9400,14500,20.9,31,-37.2,"14,700"
adidas-yeezy-boost-350-v2-multi-color-f-f,adidas,adidas ultra boost 1.0 louisville,New,¥14100,10.5,¥12500,¥12600,-500,-4,Core Black/Scarlet/Grey Five,180,09/04/2020,47400,10900,10800,17300,23.3,66,-26.1,"15,500"
adidas-yeezy-boost-350-v2-multi-color-f-f,adidas,adidas ultra boost 1.0 kansas,New,¥12200,11,¥11400,¥13700,+1600,15,Royal Blue/Cloud White/Blue,180,09/04/2020,23200,9500,10600,13800,12.8,40,-36.1,"14,300"
adidas-yeezy-boost-350-v2-multi-color-f-f,adidas,adidas ultra boost 4.0 white multi-color 2,New,¥18000,9.5,¥15500,¥18400,+2400,15,White/Multi/White,180,01/01/2019,25000,8100,15300,20600,14.8,1834,-5.6,"14,100"
adidas-yeezy-boost-350-v2-multi-color-f-f,adidas,adidas ultra boost 1.0 undefeated stars and stripes,New,¥30000,11,¥12200,¥21000,+13200,79,White/Red/White,220,05/31/2019,32700,5300,25000,34900,16.5,1780,29.1,"16,900"
adidas-yeezy-boost-350-v2-multi-color-f-f,adidas,adidas ultra boost 2019 oreo,New,¥18000,6.5,¥12700,¥17900,+1600,10,Black/White/Black,180,02/01/2019,21200,6400,14800,21100,17.4,878,-5.6,"11,500"
adidas-yeezy-boost-350-v2-multi-color-f-f,adidas,adidas ultra boost 19 core black grey six shock cyan,New,¥10600,8,¥9000,¥12100,+2200,25,Core Black/Grey Six/Shock Cyan,180,04/19/2019,19000,4900,8400,12800,20.6,855,-44.4,"10,200"
adidas-yeezy-boost-350-v2-multi-color-f-f,adidas,adidas ultra boost 4.0 black white speckle,New,¥12600,9,¥12500,¥15400,+3100,32,Core Black/Core Black/Cloud White,180,01/01/2018,26400,7100,10100,15100,20.3,709,-33.9,"14,300"
adidas-yeezy-boost-350-v2-multi-color-f-f,adidas,adidas ultra boost 19 white scarlet,New,¥3200,11,¥9500,¥8400,-2000,-39,Cloud White/Scarlet Red,180,07/01/2019,16800,3200,200,6300,95.5,560,-83.3,"9,600"
adidas-yeezy-boost-350-v2-multi-color-f-f,adidas,adidas ultra boost 1.0 cream white,New,¥11500,7.5,¥24300,¥27400,-10900,-49,Cream/Cream,200,10/03/2018,41700,11500,5800,17200,49.3,548,-45.5,"25,600"
adidas-yeezy-boost-350-v2-multi-color-f-f,adidas,adidas ultra boost 1.0 solar orange (2019),New,¥11600,11.5,¥10400,¥21000,+600,5,Solar Orange/Solar Orange,180,10/10/2019,31700,8000,9900,13400,15.8,497,-38.9,"13,000"
adidas-yeezy-boost-350-v2-multi-color-f-f,adidas,adidas ultra boost 1.0 multi-color toe white,New,¥18600,10,¥11600,¥16900,+6000,47,White/Multicolor,200,10/03/2018,42200,8500,13100,24100,29.5,376,-12.0,"15,500"
adidas-yeezy-boost-350-v2-multi-color-f-f,adidas,adidas ultra boost 20 chinese new year black gold (2020),New,¥11100,9,¥8700,¥15800,+600,5,Core Black/Core Black/Gold Metallic,160,12/15/2019,31100,7400,9600,12700,14.1,371,-34.1,"13,200"
adidas-yeezy-boost-350-v2-multi-color-f-f,adidas,adidas ultra boost 19 neighborhood,New,¥11200,9.5,¥11200,¥10500,-5900,-35,Core Black/Core Black/Core Black,200,11/29/2019,29000,5400,7800,14600,30.0,351,-47.0,"12,000"
adidas-yeezy-boost-350-v2-multi-color-f-f,adidas,adidas ultra boost 4.0 miami hurricanes,New,¥8000,7.5,¥7400,¥15800,+1400,21,Dark Green/Cloud White/Collegiate Orange,180,12/02/2018,23100,4300,4900,11000,38.1,343,-58.3,"10,300"
adidas-yeezy-boost-350-v2-multi-color-f-f,adidas,adidas ultra boost s&l white grey scarlet,New,¥10600,9.5,¥9000,¥9400,+600,5,Cloud White/Grey Two/Scarlet,180,06/23/2019,20300,2700,8100,13100,23.5,294,-44.4,"10,800"
adidas-yeezy-boost-350-v2-multi-color-f-f,adidas,adidas ultra boost 20 triple grey,New,¥8000,11,¥11100,¥13100,-6900,-47,Grey/Cloud White/Grey Three,180,01/01/2020,24500,6300,4800,11100,40.1,253,-58.3,"14,000"
adidas-yeezy-boost-350-v2-multi-color-f-f,adidas,adidas ultra boost 2 foot locker asterisk collective,New,¥11500,11.5,¥9500,¥10600,-2200,-16,Collegiate Royal/Cloud White/Solar Red,180,05/18/2019,20000,6000,9500,13500,17.6,236,-39.4,"11,300"
adidas-yeezy-boost-350-v2-multi-color-f-f,adidas,adidas ultra boost undefeated performance running black,New,¥11300,9.5,¥9300,¥12000,-600,-5,Shift Grey/Cinder/Utility Black,220,11/09/2018,22100,7400,9400,13200,16.9,226,-51.4,"11,700"
adidas-yeezy-boost-350-v2-multi-color-f-f,adidas,adidas ultra boost dna chinese new year black (2020),New,¥12600,13,¥9600,¥18900,+3000,31,Core Black/Core Black/Gold Metallic,150,01/23/2019,29600,6500,9000,16200,28.9,227,-20.7,"13,400"
adidas-yeezy-boost-350-v2-multi-color-f-f,adidas,adidas ultra boost s&l raw khaki,New,¥24600,10.5,¥8500,¥10500,+9900,67,Raw Khaki/Trace Cargo/Solar Red,180,11/01/2019,24600,6500,20300,28900,17.4,223,29.5,"10,600"
adidas-yeezy-boost-350-v2-multi-color-f-f,adidas,adidas ultra boost 4.0 cloud white maroon,New,¥11500,8.5,¥11500,¥17000,-600,-5,Cloud White/Maroon/Maroon,180,12/02/2018,27300,7400,8100,15000,30.3,202,-39.4,"15,400"
adidas-yeezy-boost-350-v2-multi-color-f-f,adidas,adidas ultra boost 20 core black gold metallic,New,¥10000,10,¥10600,¥13100,+1000,11,Core Black/Core Black/Gold Metallic,180,03/12/2020,34700,8500,8500,11400,14.5,161,-47.8,"13,000"
adidas-yeezy-boost-350-v2-multi-color-f-f,adidas,adidas ultra boost real blue shock pink,New,¥11500,13,¥7400,¥6800,+2100,21,Real Blue/Crystal White/Shock Pink,180,08/20/2019,15900,6400,10600,12500,8.6,154,-39.4,"10,000"
adidas-yeezy-boost-350-v2-multi-color-f-f,adidas,adidas ultra boost 1.0 engineered garments,New,¥10100,7,¥10000,¥16800,-2100,-17,Bold Blue/Red/Glow,250,10/20/2018,26400,7400,5500,14600,45.7,133,-62.0,"13,100"
adidas-yeezy-boost-350-v2-multi-color-f-f,adidas,adidas ultra boost 4.0 mickey mouse,New,¥16900,11,¥14900,¥13100,+4400,34,Core Black/Footwear White/Bright Yellow,180,--,24300,10600,13800,20100,18.8,122,-11.1,"16,600"
adidas-yeezy-boost-350-v2-multi-color-f-f,adidas,adidas ultra boost s&l flash orange,New,¥7700,11,¥12100,¥12600,-5000,-40,Core Black/Flash Orange/Solar Orange,180,--,42200,7700,-400,15900,106.0,71,-59.4,"15,800"
adidas-yeezy-boost-350-v2-multi-color-f-f,adidas,adidas ultra boost manchester united,New,¥23800,11,¥13700,¥19400,+7100,42,Core Black/Core Black/Real Red,250,07/24/2019,32300,8500,19100,28400,19.4,1210,-10.0,"16,100"
adidas-yeezy-boost-350-v2-multi-color-f-f,adidas,adidas ultra boost 2019 clear brown chalk white,New,¥9500,10,¥9500,¥10500,0,0,Clear Brown/Chalk White/Footwear White,180,02/20/2019,21000,5300,8400,10700,12.0,960,-50.0,"9,300"
adidas-yeezy-boost-350-v2-multi-color-f-f,adidas,adidas ultra boost 4.0 bape camo black,New,¥28400,6,¥18100,¥37800,-1600,-6,BLACK/CLOUD WHITE/CORE BLACK,250,02/02/2019,55200,6400,17500,39300,38.4,926,7.6,"28,600"
adidas-yeezy-boost-350-v2-multi-color-f-f,adidas,adidas ultra boost 4.0 bape camo,New,¥21600,8.5,¥28000,¥45800,-8200,-28,Black/Green/Yellow,250,02/02/2019,61200,12700,14300,28800,34.0,894,-18.4,"33,100"
adidas-yeezy-boost-350-v2-multi-color-f-f,adidas,adidas ultra boost all terrain neighborhood,New,¥15100,9.5,¥11000,¥17900,-4900,-25,Core Black/Core Black/Core Black,200,11/29/2019,32500,9200,10800,19400,28.9,727,-28.5,"16,900"
adidas-yeezy-boost-350-v2-multi-color-f-f,adidas,adidas ultra boost og (2018),New,¥24800,9.5,¥12500,¥22100,+5100,26,Core Black/Core Black/Gold Metallic,180,12/01/2018,33200,9700,20600,29000,17.0,566,30.6,"18,800"
adidas-yeezy-boost-350-v2-multi-color-f-f,adidas,adidas ultra boost 4.0 orchid tint,New,¥18000,10,¥13400,¥23100,+2200,13,ORCHID TINT/CLOUD WHITE/CORE BLACK,180,04/05/2019,35900,8200,9900,26100,45.3,503,-5.6,"15,000"
adidas-yeezy-boost-350-v2-multi-color-f-f,adidas,adidas ultra boost 2019 pride (2019),New,¥10300,10,¥10300,¥10500,-2000,-17,Cloud White/Scarlet/Bright Yellow,180,06/01/2019,20300,5200,8600,12000,16.2,509,-46.1,"9,300"
adidas-yeezy-boost-350-v2-multi-color-f-f,adidas,adidas ultra boost s&l black red blue,New,¥10600,12,¥9500,¥13100,-4400,-30,Core Black/Grey Three/Cloud White,180,06/23/2019,15900,4300,8600,12600,18.9,439,-44.4,"9,400"
adidas-yeezy-boost-350-v2-multi-color-f-f,adidas,adidas ultra boost 19 ice mint grey six,New,¥8000,11.5,¥7400,¥9400,-500,-6,Ice Mint/Ice Mint/Grey Six,180,04/19/2019,16100,6100,6200,9700,22.8,401,-58.3,"8,900"
adidas-yeezy-boost-350-v2-multi-color-f-f,adidas,adidas ultra boost 3.0 triple white,New,¥19000,7.5,¥23800,¥23100,-3100,-14,--,180,12/06/2016,36500,10600,14900,23100,21.5,347,--,"22,200"
adidas-yeezy-boost-350-v2-multi-color-f-f,adidas,adidas ultra boost 2019 blue gold (us),New,¥13800,10.5,¥10100,¥8500,+4800,53,Legendary Ink/Gold Metallic/Bright Red,220,05/20/2019,24600,7400,12300,15200,11.1,308,-40.9,"11,600"
adidas-yeezy-boost-350-v2-multi-color-f-f,adidas,adidas ultra boost 2019 black white solar orange,New,¥9900,12.5,¥9000,¥9400,+800,8,Core Black/Cloud White/Solar Orange,180,01/01/2019,18000,6700,9000,10700,9.0,310,-48.3,"9,500"
adidas-yeezy-boost-350-v2-multi-color-f-f,adidas,adidas ultra boost clima black,New,¥18000,11,¥15900,¥26300,+1600,10,Carbon/Orchid Tint/Core Black,220,04/13/2018,36900,9500,14300,21700,20.5,247,-22.7,"19,700"
adidas-yeezy-boost-350-v2-multi-color-f-f,adidas,adidas ultra boost 4.0 parley carbon,New,¥10600,9.5,¥10200,¥12600,+2700,33,Carbon Carbon/Blue Spirit,200,04/22/2018,19000,4300,7200,14000,31.8,252,-50.0,"11,300"
adidas-yeezy-boost-350-v2-multi-color-f-f,adidas,adidas ultra boost 2.0 multi-color,New,¥5700,14,¥18000,¥26300,-28500,-83,--,180,07/27/2016,34300,5700,-1400,12900,125.8,238,-70.0,"22,200"
adidas-yeezy-boost-350-v2-multi-color-f-f,adidas,adidas ultra boost 4.0 show your stripes black,New,¥10700,7.5,¥14800,¥13100,-400,-4,Core Black/Cloud White/Carbon,180,01/11/2018,27300,10500,6900,14400,35.1,194,-44.0,"14,500"
adidas-yeezy-boost-350-v2-multi-color-f-f,adidas,adidas ultra boost 3.0 oreo,New,¥31900,10,¥25200,¥27400,+12400,63,--,180,02/01/2017,40100,12700,25100,38600,21.2,172,67.8,"26,500"
adidas-yeezy-boost-350-v2-multi-color-f-f,adidas,adidas ultra boost dna yuanxiao,New,¥10600,9,¥13800,¥13000,0,0,Core Black/Core Black/Scarlet,180,02/08/2020,29800,6400,6600,14600,38.1,170,-44.4,"16,400"
adidas-yeezy-boost-350-v2-multi-color-f-f,adidas,adidas ultra boost 20 black gold white,New,¥9500,11,¥9500,¥12600,0,0,Core Black/Gold Metallic/Solar Red,180,03/12/2020,16900,5500,8400,10700,12.1,136,-50.0,"10,300"
adidas-yeezy-boost-350-v2-multi-color-f-f,adidas,adidas ultra boost 1.0 show me the money black,New,¥14400,9,¥22400,¥22600,-6700,-32,Black/Grey,--,09/19/2019,42200,13200,11000,17800,23.8,123,--,"22,700"
adidas-yeezy-boost-350-v2-multi-color-f-f,adidas,adidas ultra boost 19 wood wood linen,New,¥12700,5,¥13400,¥10500,-2100,-14,Linen/Linen/Linen,200,11/15/2019,25100,8500,10700,14700,15.4,107,-40.0,"12,400"
adidas-yeezy-boost-350-v2-multi-color-f-f,adidas,adidas ultra boost 5th anniversary black,New,¥18000,9,¥15900,¥18900,+2200,13,--,220,02/01/2018,28000,7400,14300,21700,20.4,105,-22.7,"17,000"
adidas-yeezy-boost-350-v2-multi-color-f-f,adidas,adidas ultra boost usa (2020),New,¥16800,9,¥12200,¥12100,+4300,34,Cloud White/Royal Blue/Scarlet,180,06/30/2020,22000,8500,14800,18800,12.0,104,-11.5,"14,100"
adidas-yeezy-boost-350-v2-multi-color-f-f,adidas,adidas ultra boost dna arsenal,New,¥14200,10.5,¥11200,¥11100,+3100,28,Black/Green/Grey,180,--,21100,10600,12400,16000,12.8,95,-25.6,"14,100"
adidas-yeezy-boost-350-v2-multi-color-f-f,adidas,adidas ultra boost dna star wars yoda,New,¥18500,9.5,¥17300,¥18900,-3600,-17,Green/Black/Green,180,--,35100,10600,15300,21700,16.9,83,-2.8,"21,100"
adidas-yeezy-boost-350-v2-multi-color-f-f,adidas,adidas ultra boost dna prime 2020 pack black,New,¥10600,10,¥10100,¥10500,+600,5,Black/White/Black,200,--,26100,9500,9000,12200,14.8,80,-50.0,"13,600"
adidas-yeezy-boost-350-v2-multi-color-f-f,adidas,adidas ultra boost 20 signal green,New,¥23800,6,¥11900,¥15800,+8100,51,Signal Green/Core Black/Signal Green,180,04/07/2020,27500,9000,20000,27600,15.9,69,25.0,"14,800"
adidas-yeezy-boost-350-v2-multi-color-f-f,adidas,adidas ultra boost 1.0 burgundy,New,¥19700,9.5,¥20000,¥21900,-1500,-7,--,180,09/09/2015,108000,18900,13600,25600,30.5,70,3.1,"33,500"
adidas-yeezy-boost-350-v2-multi-color-f-f,adidas,adidas ultra boost atr mid trace khaki,New,¥13000,8.5,¥16400,¥10500,+400,2,--,240,08/30/2017,21100,7800,10100,16000,23.1,38,-48.8,"13,800"
adidas-yeezy-boost-350-v2-multi-color-f-f,adidas,adidas ultraboost laceless ash silver multi color,New,¥13300,9,¥9700,¥11500,+3600,36,Ash Silver/Core Black,200,--,13800,6300,11900,14700,10.4,29,-37.2,"9,000"
adidas-yeezy-boost-350-v2-multi-color-f-f,adidas,adidas ultra boost guard black grey scarlet,New,¥12200,9,¥9500,¥11100,-400,-3,Core Black/Grey Three/Scarlet,180,11/05/2019,25000,6400,9200,15100,24.1,17,-36.1,"12,300"
adidas-yeezy-boost-350-v2-multi-color-f-f,adidas,adidas ultra boost 20 black signal pink,New,¥12200,11,¥21100,¥10500,-8900,-42,CORE BLACK/CORE BLACK/SIGNAL PINK,180,--,21100,12200,8700,15600,28.6,5,-36.1,"18,800"
adidas-yeezy-boost-350-v2-multi-color-f-f,adidas,adidas ultra boost 1.0 solar yellow,New,¥9500,7.5,¥15300,¥16800,-15100,-62,--,180,08/12/2015,47500,9500,300,18800,97.7,22,-50.0,"19,200"
adidas-yeezy-boost-350-v2-multi-color-f-f,adidas,adidas ultra boost dna cloud white silver metallic,New,¥13200,10.5,¥18300,¥12600,-1500,-11,Cloud White/Silver Metallic/Core Black,180,09/01/2020,28100,6400,7100,19300,46.8,7,-30.6,"16,400"
adidas-yeezy-boost-350-v2-multi-color-f-f,adidas,adidas ultra boost 2019 panda,New,¥11600,10,¥11600,¥11500,-3100,-21,Cloud White/Core Black,180,02/21/2019,20300,5800,10300,13000,11.4,907,-38.9,"11,300"
adidas-yeezy-boost-350-v2-multi-color-f-f,adidas,adidas ultra boost 19 grey two,New,¥15900,12,¥10600,¥13100,+3700,30,Grey Two/Grey Two/Grey Six,180,06/01/2019,20000,6300,13300,18400,15.9,763,-16.7,"10,400"
adidas-yeezy-boost-350-v2-multi-color-f-f,adidas,adidas ultra boost clima missoni multi-color,New,¥12200,8.5,¥8900,¥16800,+1700,16,Multi-Color/White,250,04/25/2019,24600,6800,7400,16900,39.4,386,-54.0,"12,100"
adidas-yeezy-boost-350-v2-multi-color-f-f,adidas,adidas ultra boost leather black,New,¥25300,11.5,¥13200,¥16800,+10000,64,Core Black/Core Black/Core Black,180,11/27/2019,28500,8500,22500,28300,11.5,389,33.4,"17,700"
adidas-yeezy-boost-350-v2-multi-color-f-f,adidas,adidas ultra boost 2.0 city pack seoul,New,¥13000,8.5,¥8900,¥27400,-8100,-38,Black/Purple/Grey,180,08/02/2019,23800,3700,8900,17100,32.0,365,-31.7,"14,200"
adidas-yeezy-boost-350-v2-multi-color-f-f,adidas,adidas ultra boost 1.0 multi-color toe navy,New,¥12100,8.5,¥11500,¥12600,-100,-1,Navy/Multicolor,200,10/03/2018,23200,3200,9300,14800,23.0,339,-43.0,"13,200"
adidas-yeezy-boost-350-v2-multi-color-f-f,adidas,adidas ultra boost 4.0 parley carbon blue spirit,New,¥18500,7.5,¥13300,¥15200,+2700,17,Footwear White/Carbon/Blue Spirit,180,06/27/2018,27500,8500,14600,22400,21.2,330,-2.8,"13,500"
adidas-yeezy-boost-350-v2-multi-color-f-f,adidas,adidas ultra boost s&l blue grey,New,¥14600,10.5,¥9400,¥9500,+4700,47,Blue/Cloud White/Grey Three,180,06/23/2019,21400,5300,12200,17000,16.5,311,-23.3,"10,200"
adidas-yeezy-boost-350-v2-multi-color-f-f,adidas,adidas ultra boost uncaged white multi,New,¥9500,12,¥11800,¥11500,+1100,13,Raw White/Cloud White/Shock Cyan,180,12/17/2018,21100,6900,8000,11100,16.6,311,-50.0,"11,100"
adidas-yeezy-boost-350-v2-multi-color-f-f,adidas,adidas ultra boost 2019 white multi-color,New,¥8700,11,¥18400,¥13700,+700,8,Cloud White/Crystal White/Blue,180,02/13/2019,22900,7400,3400,14000,60.5,311,-54.4,"13,100"
adidas-yeezy-boost-350-v2-multi-color-f-f,adidas,adidas ultra boost 2.0 atr glow in the dark,New,¥10100,10.5,¥7800,¥14200,+1800,22,--,180,09/28/2016,16200,4300,9000,11100,10.6,307,-47.2,"9,200"
adidas-yeezy-boost-350-v2-multi-color-f-f,adidas,adidas ultra boost 4.0 black multi-color nyc bodegas,New,¥18900,10.5,¥12400,¥16800,+3200,20,Core Black/Carbon/Ash Silver,180,09/01/2018,21100,6400,15800,22100,16.6,294,-0.6,"13,800"
adidas-yeezy-boost-350-v2-multi-color-f-f,adidas,adidas ultra boost 19 black grey,New,¥12700,10.5,¥12200,¥10000,+600,4,Core Black/Grey Three/Grey,180,08/16/2019,19000,6300,10000,15400,21.3,281,-33.3,"10,700"
adidas-yeezy-boost-350-v2-multi-color-f-f,adidas,adidas ultra boost 4.0 white red black,New,¥11400,11,¥10600,¥9400,+400,3,Footwear White/Scarlet/Core Black,180,--,20400,5800,10200,12800,11.8,246,-39.8,"11,500"
adidas-yeezy-boost-350-v2-multi-color-f-f,adidas,adidas ultra boost 20 triple red,New,¥11100,8.5,¥10600,¥10800,-600,-6,Scarlet/Solar Red/Boost Scarlet,180,02/01/2020,23800,7400,9300,12900,16.5,240,-41.7,"13,500"
adidas-yeezy-boost-350-v2-multi-color-f-f,adidas,adidas ultra boost 19 white blue,New,¥10600,10,¥9400,¥8600,-500,-5,Cloud White/Blue,180,07/01/2019,15300,4300,8000,13200,25.2,213,-44.4,"9,900"
adidas-yeezy-boost-350-v2-multi-color-f-f,adidas,adidas ultra boost 19 olive beige,New,¥11200,11,¥10100,¥10500,+2700,31,Olive/Olive/Beige,180,12/01/2019,16300,6400,9900,12600,12.4,192,-41.1,"10,800"
adidas-yeezy-boost-350-v2-multi-color-f-f,adidas,adidas ultra boost 2019 core black raw sand,New,¥6600,9.5,¥9500,¥11500,-1300,-17,Core Black/Raw Sand/Grey Two,180,02/21/2019,18900,6600,3800,9300,41.9,192,-65.5,"10,100"
adidas-yeezy-boost-350-v2-multi-color-f-f,adidas,adidas ultra boost legend ivy,New,¥9500,8.5,¥10600,¥13700,-5100,-35,Legend Ivy/Raw Khaki/Footwear White,180,04/01/2019,15800,5300,7500,11500,20.8,185,-50.0,"9,900"
adidas-yeezy-boost-350-v2-multi-color-f-f,adidas,adidas ultra boost 19 raw khaki,New,¥12700,11,¥9500,¥9400,+5100,67,Raw Khaki/Core Black/Core Black,180,04/04/2019,15900,6100,10800,14600,15.0,179,-33.3,"9,500"
adidas-yeezy-boost-350-v2-multi-color-f-f,adidas,adidas ultra boost undefeated performance running grey,New,¥8400,8.5,¥8400,¥10000,-1600,-17,Shift Grey/Cinder/Utility Black,220,11/09/2018,21100,6900,6000,10800,29.7,166,-64.1,"12,600"
adidas-yeezy-boost-350-v2-multi-color-f-f,adidas,adidas ultra boost core black active purple shock red,New,¥13200,11.5,¥9200,¥16800,-3100,-19,Core Black/Active Purple/Shock Red,180,--,21200,7100,10100,16400,24.3,165,-30.6,"12,900"
adidas-yeezy-boost-350-v2-multi-color-f-f,adidas,adidas ultra boost 4.0 breast cancer awareness,New,¥20100,11,¥20000,¥23100,-7200,-27,Cloud White/Core Black/Shock Pink,180,09/01/2018,35300,8000,15000,25100,25.1,159,5.6,"21,200"
adidas-yeezy-boost-350-v2-multi-color-f-f,adidas,adidas ultra boost uncaged white tint,New,¥15000,11.5,¥16700,¥10500,-4100,-22,--,180,11/30/2017,24100,7800,12100,17900,19.3,141,-21.3,"13,400"
adidas-yeezy-boost-350-v2-multi-color-f-f,adidas,adidas ultra boost 2.0 city series nyc,New,¥8600,9.5,¥8900,¥12600,-100,-1,Core Black/Blue/Scarlet,180,07/01/2019,16100,7600,6500,10700,24.1,140,-55.0,"11,200"
adidas-yeezy-boost-350-v2-multi-color-f-f,adidas,adidas ultra boost 20 black multi,New,¥12500,9.5,¥10200,¥12100,-200,-2,Core Black/Core Black/Multi-Color,180,--,21300,7400,10700,14300,14.4,136,-34.4,"12,300"
adidas-yeezy-boost-350-v2-multi-color-f-f,adidas,adidas ultra boost a kind of guise,New,¥31600,10.5,¥21100,¥23100,+11100,54,Core White/Punjab,--,08/25/2018,31800,14800,26300,36800,16.7,128,--,"20,900"
adidas-yeezy-boost-350-v2-multi-color-f-f,adidas,adidas ultra boost laceless mid black oreo,New,¥12900,10.5,¥18900,¥31600,-16600,-56,Core Black/Core Black/Footwear White,200,12/01/2017,31700,3700,6600,19200,49.3,124,-39.0,"12,900"
adidas-yeezy-boost-350-v2-multi-color-f-f,adidas,adidas ultra boost 2.0 multi-color gradient,New,¥9000,8.5,¥9500,¥12500,-1500,-15,--,180,02/25/2016,18500,5600,6800,11200,24.3,122,-52.8,"10,200"
adidas-yeezy-boost-350-v2-multi-color-f-f,adidas,adidas ultra boost kinfolk,New,¥13100,7,¥12400,¥18300,+2600,24,Night Navy/Night Indigo/Dark Blue,220,11/10/2018,28500,8400,7700,18500,40.8,116,-43.6,"14,200"
adidas-yeezy-boost-350-v2-multi-color-f-f,adidas,adidas ultra boost 3.0 mystery grey,New,¥14300,9.5,¥15300,¥15800,-1000,-7,--,180,--,26400,10600,11000,17500,23.0,111,-25.0,"16,400"
adidas-yeezy-boost-350-v2-multi-color-f-f,adidas,adidas ultra boost 19 universal works white,New,¥16200,10,¥12700,¥18400,+2200,15,Winter White/Bone White/Glacier Grey,200,11/23/2019,26400,6900,13400,19000,17.1,109,-23.3,"15,300"
adidas-yeezy-boost-350-v2-multi-color-f-f,adidas,adidas ultra boost 2.0 pastel,New,¥6500,11,¥12400,¥10100,-10300,-62,Black/Pink/Purple,180,--,26300,6500,2300,10700,66.1,105,-66.1,"13,800"
adidas-yeezy-boost-350-v2-multi-color-f-f,adidas,adidas ultra boost 2.0 bronze medal (2016/2018),New,¥11500,13,¥9500,¥18900,-15700,-58,--,200,--,30500,6400,5300,17800,54.5,103,-45.5,"14,000"
adidas-yeezy-boost-350-v2-multi-color-f-f,adidas,adidas ultra boost 3.0 trace khaki,New,¥21700,11,¥16900,¥21000,+10600,95,--,180,07/01/2017,25200,10600,17500,25800,18.9,98,13.9,"17,500"
adidas-yeezy-boost-350-v2-multi-color-f-f,adidas,adidas ultra boost atr mid oreo,New,¥16900,11.5,¥13500,¥15800,+2900,20,--,220,09/21/2017,23200,6500,14100,19800,16.9,84,-27.3,"12,800"
adidas-yeezy-boost-350-v2-multi-color-f-f,adidas,adidas ultra boost mid packer shoes x solebox silfra rift,New,¥12500,9.5,¥8500,¥21000,+100,0,--,240,11/11/2017,16800,5500,10400,14600,16.9,87,-50.7,"9,300"
adidas-yeezy-boost-350-v2-multi-color-f-f,adidas,adidas ultra boost 3.0 utility black,New,¥13800,9.5,¥17300,¥14200,-6700,-33,--,180,09/30/2017,22700,10100,10800,16700,21.8,76,-27.8,"16,800"
adidas-yeezy-boost-350-v2-multi-color-f-f,adidas,adidas ultra boost 19 solar orange,New,¥5400,12,¥10000,¥8400,-6700,-55,Core Black/Solar Orange/Glow Blue,180,--,14700,5400,3800,7100,29.7,73,-71.4,"9,000"
adidas-yeezy-boost-350-v2-multi-color-f-f,adidas,adidas ultra boost 19 universal works sand,New,¥14300,9.5,¥14500,¥17900,-6800,-32,Praire Sand/Cumin/Winter White,200,11/23/2019,27100,8000,10300,18300,28.1,64,-32.5,"14,800"
adidas-yeezy-boost-350-v2-multi-color-f-f,adidas,adidas ultra boost 4.0 moon festival,New,¥10600,8.5,¥12000,¥11500,-9100,-47,Core Black/Core Black/Real Gold,180,09/13/2019,26400,10100,7700,13400,26.6,55,-44.4,"16,600"
adidas-yeezy-boost-350-v2-multi-color-f-f,adidas,adidas ultra boost 3.0 trace cargo,New,¥22200,12,¥15900,¥15900,+4400,24,--,200,01/01/2017,28700,9000,18200,26200,18.2,53,4.9,"16,900"
adidas-yeezy-boost-350-v2-multi-color-f-f,adidas,adidas ultra boost disney goofy white,New,¥16700,12.5,¥12200,¥13700,+4700,39,White/White/Black,180,--,24600,11600,13400,20000,19.6,53,-12.2,"16,800"
adidas-yeezy-boost-350-v2-multi-color-f-f,adidas,adidas ultra boost 4.0 navy multi-color,New,¥26400,12.5,¥15900,¥14200,+14300,117,--,180,11/30/2017,29500,9500,22600,30200,14.5,52,38.9,"16,100"
adidas-yeezy-boost-350-v2-multi-color-f-f,adidas,adidas ultra boost s&l pride (2020),New,¥9500,13,¥10600,¥10500,-8700,-48,Cloud White/Core Black/Gold Metallic,180,06/01/2020,31700,7300,6600,12500,31.2,51,-50.0,"14,800"
adidas-yeezy-boost-350-v2-multi-color-f-f,adidas,adidas ultra boost 1.0 undftd white,New,¥26400,8,¥30100,¥32100,-7300,-22,Footwear White/Footwear White/Core Black,219,04/14/2018,47700,23200,20900,31900,20.7,50,14.2,"33,000"
adidas-yeezy-boost-350-v2-multi-color-f-f,adidas,adidas ultra boost laceless parley raw grey,New,¥10900,10,¥10900,¥13700,-2300,-18,Raw Grey/Carbon/Blue Spirit,200,06/27/2018,20600,6900,8100,13800,26.6,50,-48.5,"11,400"
adidas-yeezy-boost-350-v2-multi-color-f-f,adidas,adidas ultra boost 3.0 triple grey,New,¥22500,9,¥24800,¥29500,+6700,42,--,200,08/30/2017,44000,15900,18600,26400,17.2,47,6.5,"27,100"
adidas-yeezy-boost-350-v2-multi-color-f-f,adidas,adidas ultra boost 20 scarlet royal blue,New,¥13400,11,¥10600,¥8600,+5500,69,White/Scarlet/Team Royal Blue,180,06/12/2020,21800,8000,10600,16300,21.5,48,-29.4,"14,000"
adidas-yeezy-boost-350-v2-multi-color-f-f,adidas,adidas ultra boost dna superstar white black,New,¥13800,11,¥14700,¥14700,-2400,-15,Cloud White/Gold Metallic/Core Black,200,04/01/2020,36900,9000,11300,16200,17.9,44,-35.0,"15,100"
adidas-yeezy-boost-350-v2-multi-color-f-f,adidas,adidas ultra boost atr carbon core black,New,¥15900,13,¥13200,¥10800,+2700,20,Carbon/Core Black/Cloud White,200,10/03/2018,18500,6400,13300,18400,16.1,40,-25.0,"12,600"
adidas-yeezy-boost-350-v2-multi-color-f-f,adidas,adidas ultra boost uncaged parley coral bleaching,New,¥13100,12,¥11600,¥12100,+900,7,--,200,06/08/2017,31400,6200,7500,18700,43.1,35,-38.0,"13,900"
adidas-yeezy-boost-350-v2-multi-color-f-f,adidas,adidas ultra boost 4.0 legend ink,New,¥12700,9.5,¥18500,¥17900,-12600,-50,Carbon/Legend Ink/Core Black,180,01/01/2018,25300,10600,9000,16400,29.1,37,-33.3,"16,000"
adidas-yeezy-boost-350-v2-multi-color-f-f,adidas,adidas ultra boost uncaged m grey,New,¥12700,8,¥15300,¥9700,-1000,-8,--,180,06/29/2016,20100,8100,9300,16100,26.4,33,-33.3,"13,100"
adidas-yeezy-boost-350-v2-multi-color-f-f,adidas,adidas ultra boost uncaged triple black 2.0,New,¥25300,10.5,¥29600,¥25200,-4500,-15,--,200,12/03/2016,54500,14800,17500,33100,31.0,29,20.0,"28,900"
adidas-yeezy-boost-350-v2-multi-color-f-f,adidas,adidas ultra boost dna manchester united,New,¥11600,10.5,¥11600,¥11000,-2600,-19,Burgundy/Pink/Black,180,--,17700,10400,9700,13500,16.3,27,-38.9,"13,200"
adidas-yeezy-boost-350-v2-multi-color-f-f,adidas,adidas ultra boost dna sydney,New,¥8500,9.5,¥8500,¥6800,-500,-6,Collegiate Gold/Supplier Colour/Core Black,180,06/27/2020,16300,8000,6800,10200,20.2,21,-55.6,"11,100"
adidas-yeezy-boost-350-v2-multi-color-f-f,adidas,adidas ultra boost atr trace cargo,New,¥10600,10,¥9900,¥9400,+1900,22,Trace Cargo/Base Green/Core Black,220,01/25/2018,15900,5300,8300,12900,21.8,19,-54.5,"10,600"
adidas-yeezy-boost-350-v2-multi-color-f-f,adidas,adidas ultra boost 2019 grey two shock cyan,New,¥9300,9.5,¥9400,¥15200,-100,-1,Grey Two/Grey Two/Shock Cyan,180,--,18500,7400,6000,12700,36.4,17,-51.1,"11,300"
adidas-yeezy-boost-350-v2-multi-color-f-f,adidas,adidas ultra boost uncaged solid grey multi-color,New,¥10600,8,¥12600,¥11500,-4200,-29,--,180,02/01/2017,20600,9600,8900,12300,16.4,17,-44.4,"13,300"
adidas-yeezy-boost-350-v2-multi-color-f-f,adidas,adidas ultra boost uncaged kolor grey,New,¥9100,10.5,¥22200,¥12600,-19200,-68,--,180,02/17/2017,31700,9100,2700,15500,71.2,11,-52.2,"19,700"
adidas-yeezy-boost-350-v2-multi-color-f-f,adidas,adidas nemeziz tango 17 ultra boost solar orange,New,¥10600,10.5,¥11400,¥8400,+3200,43,--,200,10/12/2017,15300,4300,7400,13800,29.9,10,-50.0,"10,200"
adidas-yeezy-boost-350-v2-multi-color-f-f,adidas,adidas ultra boost pb core black signal coral,New,¥11100,9.5,¥11000,¥7300,-4200,-28,Core Black/Cloud White/Signal Coral,180,02/27/2020,15400,9500,9400,12800,15.1,10,-41.7,"11,500"
adidas-yeezy-boost-350-v2-multi-color-f-f,adidas,adidas ultra boost colored sole red,New,¥13900,10.5,¥10900,¥8400,+3100,29,Core Black/Core Black/Core Black,180,07/31/2019,20100,10800,10500,17300,25.0,8,-27.0,"14,500"
adidas-yeezy-boost-350-v2-multi-color-f-f,adidas,adidas ultra boost summer.rdy white black solar red,New,¥9500,9.5,¥10000,¥4200,-1000,-10,Cloud White/Core Black/Solar Red,180,05/06/2020,15900,8500,7100,12000,25.3,8,-50.0,"12,300"
adidas-yeezy-boost-350-v2-multi-color-f-f,adidas,adidas ultra boost 3.0 tech earth,New,¥11600,9.5,¥12900,¥13700,-2600,-19,--,180,09/01/2017,15900,5500,8200,15100,30.4,5,-38.9,"11,700"
adidas-yeezy-boost-350-v2-multi-color-f-f,adidas,adidas ultra boost 4.0 grey black yellow,New,¥7400,9.5,¥7400,¥9400,0,0,Grey Three/Grey Six/Core Black,180,--,13200,5400,6200,8700,17.3,228,-61.1,"8,700"
adidas-yeezy-boost-350-v2-multi-color-f-f,adidas,adidas ultra boost laceless mid undye pack,New,¥9500,7.5,¥12900,¥10500,+300,2,Non-Dyed/Non-Dyed/Non-Dyed,200,02/10/2018,19700,5800,5700,13300,39.6,154,-55.0,"9,900"
adidas-yeezy-boost-350-v2-multi-color-f-f,adidas,adidas ultra boost mid prototype,New,¥6400,9,¥8400,¥7300,-1200,-17,White/White/Blue,220,05/05/2018,20600,5300,4500,8300,30.1,110,-72.7,"9,000"
adidas-yeezy-boost-350-v2-multi-color-f-f,adidas,adidas ultra boost 2019 cloud white active red,New,¥18800,10,¥15400,¥15800,+4100,27,Cloud White/Chalk White/Active Red,180,12/15/2018,29000,7400,15400,22200,17.9,96,-1.1,"15,800"
adidas-yeezy-boost-350-v2-multi-color-f-f,adidas,adidas copa ace 16+ purecontrol ultra boost kith golden goal,New,¥26800,10.5,¥16900,¥17300,+7400,38,Multi-Color/White,220,06/29/2018,26800,7400,22000,31700,18.0,81,15.5,"17,300"
adidas-yeezy-boost-350-v2-multi-color-f-f,adidas,adidas ultra boost 4.0 core black true green,New,¥12200,10.5,¥16700,¥16800,-11500,-49,Core Black/True Green/Gold Metallic,180,12/06/2018,36800,8600,6400,18000,47.8,78,-36.1,"18,900"
adidas-yeezy-boost-350-v2-multi-color-f-f,adidas,adidas ultra boost uncaged black grey three,New,¥13900,10.5,¥13200,¥13100,-1300,-9,--,180,06/07/2017,19000,8000,12400,15300,10.7,70,-27.2,"14,700"
adidas-yeezy-boost-350-v2-multi-color-f-f,adidas,adidas ultra boost 3.0 grey three,New,¥18900,9,¥17900,¥17900,-2000,-10,--,180,08/24/2017,31600,10500,15000,22800,20.8,63,-0.6,"17,300"
adidas-yeezy-boost-350-v2-multi-color-f-f,adidas,adidas ultra boost uncaged core black,New,¥11600,8,¥13200,¥12600,0,0,--,200,06/29/2016,22700,6400,8200,15100,29.6,38,-45.0,"14,100"
adidas-yeezy-boost-350-v2-multi-color-f-f,adidas,adidas ultra boost colored sole blue,New,¥15800,7,¥12700,¥9300,+3100,24,Core Black/Core Black/Core Black,180,07/31/2019,20000,8600,13000,18500,17.5,36,-17.2,"14,800"
adidas-yeezy-boost-350-v2-multi-color-f-f,adidas,adidas ultra boost 4.0 candy cane,New,¥20400,9.5,¥17700,¥18900,-100,-1,--,180,12/01/2017,26300,14600,18100,22700,11.4,34,7.2,"20,700"
adidas-yeezy-boost-350-v2-multi-color-f-f,adidas,adidas ultra boost uncaged non dyed white oreo,New,¥12700,13,¥12700,¥13500,+300,2,--,180,11/30/2016,25000,8300,7800,17500,38.6,26,-33.3,"17,000"
adidas-yeezy-boost-350-v2-multi-color-f-f,adidas,adidas ultra boost s&l core black glow green,New,¥11300,8.5,¥12400,¥9400,-1300,-11,Core Black/Glow Green/Grey Five,180,11/01/2019,20100,9500,10300,12400,9.4,24,-40.6,"12,600"
adidas-yeezy-boost-350-v2-multi-color-f-f,adidas,adidas ultra boost 4.0 chalk grey,New,¥9500,13,¥18900,¥27400,-12600,-57,Chalk White/Chalk White/Grey,180,03/30/2018,33900,9500,3200,15900,67.0,19,-50.0,"19,100"
adidas-yeezy-boost-350-v2-multi-color-f-f,adidas,adidas ultra boost laceless mid triple black,New,¥23200,7,¥27300,¥42100,+6200,36,--,200,02/01/2018,47500,17100,14900,31600,35.9,18,10.0,"32,200"
adidas-yeezy-boost-350-v2-multi-color-f-f,adidas,adidas ultra boost 4.0 orca,New,¥21100,11,¥14300,¥21200,+5300,33,Core Black/Running White/Carbon,180,11/03/2018,34300,6900,17700,24600,16.7,969,11.1,"14,700"
adidas-yeezy-boost-350-v2-multi-color-f-f,adidas,adidas ultra boost 2020 iss us national lab tech indigo,New,¥12100,9,¥12200,¥18900,-1400,-11,Tech Indigo/Legend Ink/Blue Violet Metallic,180,12/05/2019,31700,8200,8900,15200,26.0,611,-36.7,"13,900"
adidas-yeezy-boost-350-v2-multi-color-f-f,adidas,adidas ultra boost s&l core black carbon,New,¥8000,8,¥8400,¥11500,-3600,-32,Core Black/Carbon/Light Granite,180,11/04/2019,36900,6900,6100,9900,23.5,406,-58.3,"10,800"
adidas-yeezy-boost-350-v2-multi-color-f-f,adidas,adidas ultra boost 2 city white,New,¥16300,8.5,¥16400,¥18900,+6400,64,Cloud White/Cloud White/Collegiate Navy,180,06/01/2019,30200,9000,12300,20300,24.4,384,-14.4,"17,200"
adidas-yeezy-boost-350-v2-multi-color-f-f,adidas,adidas ultra boost 20 chinese new year black (2020),New,¥14900,9.5,¥12600,¥15200,+1100,7,Core Black/Core Black/Gold Metallic,160,01/24/2019,36900,7400,11400,18300,22.9,389,-12.1,"18,000"
adidas-yeezy-boost-350-v2-multi-color-f-f,adidas,adidas ultra boost 2020 iss us national lab dash grey blue violet,New,¥12400,9.5,¥10100,¥12100,-1700,-13,Dash Grey/Blue Violet Metallic/Core Black,180,12/05/2019,20100,7400,9600,15100,22.4,383,-35.0,"13,000"
adidas-yeezy-boost-350-v2-multi-color-f-f,adidas,adidas ultra boost clima missoni white,New,¥10600,8.5,¥10900,¥15400,+8000,300,White/Black/White,250,04/25/2019,23800,2700,6400,14800,39.6,348,-60.0,"13,200"
adidas-yeezy-boost-350-v2-multi-color-f-f,adidas,adidas ultra boost washington huskies,New,¥24300,10,¥15900,¥26300,-2600,-10,Purple/Gold/White,180,08/31/2019,33200,10400,18000,30600,26.2,274,27.8,"20,200"
adidas-yeezy-boost-350-v2-multi-color-f-f,adidas,adidas ultra boost 19 white royal,New,¥15900,12,¥10400,¥10000,+5600,55,Cloud White/Cloud White/Collegiate Royal,180,09/01/2019,21000,6400,12500,19200,21.7,322,-16.7,"10,000"
adidas-yeezy-boost-350-v2-multi-color-f-f,adidas,adidas ultra boost clima missoni black,New,¥10500,10,¥8900,¥15800,+2300,27,Black/White/Black,250,04/25/2019,20000,8100,8600,12400,18.6,310,-60.4,"12,100"
adidas-yeezy-boost-350-v2-multi-color-f-f,adidas,adidas ultra boost 2.0 silver medal (2018),New,¥19900,8.5,¥13800,¥23100,-11600,-37,Core Black/Core Black/Silver Metallic,200,10/19/2018,47100,6400,14700,25000,26.0,291,-6.0,"19,000"
adidas-yeezy-boost-350-v2-multi-color-f-f,adidas,adidas ultra boost 20 chinese new year white (2020),New,¥19800,12,¥13200,¥18900,+8200,70,Crystal White/Core Black/Solar Red,160,12/15/2019,42700,9000,17200,22300,13.0,290,16.8,"15,400"
adidas-yeezy-boost-350-v2-multi-color-f-f,adidas,adidas ultra boost 4.0 grey,New,¥17400,9.5,¥13200,¥20000,-3000,-15,Grey/Grey/Core Black,180,12/02/2018,26100,7100,12100,22800,30.7,280,-8.3,"14,300"
adidas-yeezy-boost-350-v2-multi-color-f-f,adidas,adidas ultra boost 19 linen green,New,¥15100,11.5,¥12300,¥8600,+5000,49,LINEN GREEN/LINEN GREEN/ASH GREEN,180,--,21100,5400,11700,18500,22.1,277,-20.6,"10,800"
adidas-yeezy-boost-350-v2-multi-color-f-f,adidas,adidas ultra boost 4.0 chinese new year (2019),New,¥4600,9.5,¥11400,¥15800,-7000,-61,Core Black/Scarlet/Grey Three,180,01/19/2019,21100,4600,900,8300,81.1,248,-76.1,"12,500"
adidas-yeezy-boost-350-v2-multi-color-f-f,adidas,adidas ultra boost 4.0 power red core black,New,¥13800,13,¥11700,¥12300,+1100,8,Power Red/Core Black/Cloud White,180,12/02/2018,19800,7300,11000,16500,20.3,245,-27.8,"11,300"
adidas-yeezy-boost-350-v2-multi-color-f-f,adidas,adidas ultra boost 2.0 city series paris,New,¥16000,13,¥12300,¥15900,+4900,44,Cloud White/Cloud White/Collegiate Navy,180,07/05/2019,27100,10700,13900,18100,13.2,252,-16.1,"15,500"
adidas-yeezy-boost-350-v2-multi-color-f-f,adidas,adidas ultra boost uncaged cbc,New,¥21100,10.5,¥9400,¥13100,+7600,56,White/Grey/White,180,--,21100,5800,17400,24800,17.6,195,11.1,"12,100"
adidas-yeezy-boost-350-v2-multi-color-f-f,adidas,adidas ultra boost 2.0 white reflective,New,¥36900,10.5,¥20300,¥27500,+8500,30,--,200,10/26/2016,45400,13800,31900,42000,13.8,183,75.0,"25,100"
adidas-yeezy-boost-350-v2-multi-color-f-f,adidas,adidas ultra boost leather white,New,¥15900,11,¥13800,¥13700,+3200,25,Footwear White/Footwear White/Footwear White,180,--,31500,9600,13600,18100,13.7,190,-16.7,"13,500"
adidas-yeezy-boost-350-v2-multi-color-f-f,adidas,adidas ultra boost 4.0 clear brown legend ink,New,¥13200,10,¥28300,¥18400,-4700,-26,Clear Brown/Clear Brown/Legend Ink,180,02/01/2019,32600,8500,11100,15300,15.6,188,-30.6,"15,900"
adidas-yeezy-boost-350-v2-multi-color-f-f,adidas,adidas ultra boost 20 marble black,New,¥15300,9,¥15200,¥14700,-400,-3,Core Black/Cloud White/Signal Coral,180,03/08/2020,25900,10600,11400,19200,25.7,189,-19.4,"14,900"
adidas-yeezy-boost-350-v2-multi-color-f-f,adidas,adidas ultra boost 4.0 cookies & cream 2.0,New,¥18100,5,¥13800,¥20000,-6000,-25,Core Black/Core Black/Running White,180,03/15/2018,30100,10600,13400,22700,25.6,174,-5.0,"17,500"
adidas-yeezy-boost-350-v2-multi-color-f-f,adidas,adidas ultra boost 19 raw white active orange,New,¥7600,10.5,¥8000,¥7900,-800,-10,Raw White/Cloud White/Active Orange,180,04/19/2019,15900,4800,6500,8800,14.9,170,-60.0,"8,900"
adidas-yeezy-boost-350-v2-multi-color-f-f,adidas,adidas ultra boost 4.0 cookies and cream,New,¥35900,12,¥24000,¥30000,-3000,-8,Footwear White/Footwear White/Grey Two,200,02/06/2018,65900,15900,32700,39000,8.8,161,70.0,"29,500"
adidas-yeezy-boost-350-v2-multi-color-f-f,adidas,adidas ultra boost 1.0 show me the money white,New,¥26400,11,¥18000,¥21000,+2300,9,White/Silver,--,09/19/2019,32800,13800,23600,29200,10.6,147,--,"22,000"
adidas-yeezy-boost-350-v2-multi-color-f-f,adidas,adidas ultra boost clima solar yellow,New,¥13800,13,¥13600,¥9400,-2300,-14,Cloud White/Cloud White/Solar Yellow,200,06/14/2018,22800,6900,10900,16600,20.8,140,-35.0,"11,300"
adidas-yeezy-boost-350-v2-multi-color-f-f,adidas,adidas ultra boost 2020 iss us national lab solar red,New,¥9300,8.5,¥8000,¥9600,-1700,-16,Solar Red/Blue Violet Metallic/Footwear White,180,12/05/2019,18700,5300,7400,11300,21.1,142,-51.0,"10,700"
adidas-yeezy-boost-350-v2-multi-color-f-f,adidas,adidas ultra boost 3.0 multi-color,New,¥13800,9,¥8500,¥17300,+5300,63,--,200,06/28/2017,26200,8500,9200,18300,32.9,137,-35.0,"16,500"
adidas-yeezy-boost-350-v2-multi-color-f-f,adidas,adidas ultra boost usa,New,¥16900,10,¥12700,¥11000,-7900,-32,Collegaite Royal/Running White/Power Red,180,--,24800,6500,12500,21300,26.2,137,-11.1,"13,100"
adidas-yeezy-boost-350-v2-multi-color-f-f,adidas,adidas ultra boost 20 lunar new year,New,¥15600,11.5,¥11300,¥13700,+6700,74,Core Black/Core Black/Collegiate Royal,180,01/19/2020,24400,3700,12100,19200,22.7,138,-17.8,"12,900"
adidas-yeezy-boost-350-v2-multi-color-f-f,adidas,adidas ultra boost tech ink glow blue,New,¥15800,10,¥14200,¥18900,-3200,-17,Tech Ink/Glow Blue/Scarlet,180,06/20/2019,24900,9400,11400,20100,27.7,134,-17.2,"15,300"
adidas-yeezy-boost-350-v2-multi-color-f-f,adidas,adidas ultra boost 4.0 triple black (2020),New,¥18000,10.5,¥17500,¥20000,-5200,-23,Core Black/Core Black/Core Black,180,--,31700,14400,15800,20200,12.6,136,-5.6,"19,900"
adidas-yeezy-boost-350-v2-multi-color-f-f,adidas,adidas ultra boost 4.0 a ma maniere x invincible cashmere wool,New,¥23800,11,¥20600,¥20500,+6100,34,--,200,12/16/2017,32300,12400,20500,27000,13.7,133,12.5,"21,400"
adidas-yeezy-boost-350-v2-multi-color-f-f,adidas,adidas ultra boost 4.0 show your stripes cloud white,New,¥16900,9,¥21000,¥19000,-2100,-11,Cloud White/Tech Ink/Ash Pearl,180,07/01/2018,24800,9500,14300,19500,15.6,127,-11.1,"16,400"
adidas-yeezy-boost-350-v2-multi-color-f-f,adidas,adidas ultra boost eddie huang chinese new year (2019),New,¥26000,11,¥20100,¥22600,+3300,14,Scarlet/Core Black/Gold Metallic,200,02/07/2019,41900,15500,22700,29200,12.4,121,23.0,"22,200"
adidas-yeezy-boost-350-v2-multi-color-f-f,adidas,adidas ultra boost clima core black solar red,New,¥20100,12,¥15900,¥18400,+10800,116,Core Black/Core Black/Solar Red,220,06/14/2018,31600,6300,16100,24100,20.2,124,-13.6,"15,800"
adidas-yeezy-boost-350-v2-multi-color-f-f,adidas,adidas ultra boost clima white,New,¥23000,9,¥18900,¥20000,-1700,-7,Footwear White/Footwear White/Clear Brown,200,04/13/2018,26600,10600,20200,25900,12.2,119,9.0,"19,000"
adidas-yeezy-boost-350-v2-multi-color-f-f,adidas,adidas ultraboost all terrain black red grey,New,¥12300,9.5,¥9400,¥12600,-2100,-15,Black/Shock Red,180,10/16/2019,22200,5300,8600,16000,30.4,113,-35.6,"11,700"
adidas-yeezy-boost-350-v2-multi-color-f-f,adidas,adidas ultra boost s&l grey one cloud white grey two,New,¥2700,12,¥15900,¥18900,-18300,-87,Grey One/Cloud White/Grey Two,180,05/16/2019,28800,2700,-3000,8400,214.9,112,-86.1,"17,700"
